{
    "openapi": "3.0.0",
    "info": {
        "title": "Google Places",
        "version": "1.0.0"
    },
    "servers": [
        {
            "url": "vb-catalog://backends/GooglePlaces",
            "description": "GooglePlaces API"
        }
    ],
    "paths": {
        "/places:searchText": {
            "post": {
                "operationId": "postPlacesSearchText",
                "requestBody": {
                    "content": {
                        "application/json": {
                            "schema": {
                                "$ref": "#/components/schemas/PostPlacesSearchTextRequest"
                            },
                            "examples": {
                                "vb": {
                                    "externalValue": "./examples/postPlacesSearchText/request_application_json_vb.json"
                                }
                            }
                        }
                    }
                },
                "responses": {
                    "default": {
                        "description": "Default response",
                        "content": {
                            "application/json": {
                                "schema": {
                                    "$ref": "#/components/schemas/PostPlacesSearchTextResponse"
                                },
                                "examples": {
                                    "vb": {
                                        "externalValue": "./examples/postPlacesSearchText/response_default_application_json_vb.json"
                                    }
                                }
                            }
                        }
                    }
                },
                "x-vb": {
                    "actionHint": "getMany",
                    "headers": {
                        "X-Goog-FieldMask": "places.id,places.addressComponents,places.displayName.text,places.formattedAddress,places.nationalPhoneNumber,places.websiteUri,nextPageToken,places.location"
                    }
                }
            }
        },
        "/places:autocomplete": {
            "post": {
                "operationId": "postPlacesAutocomplete",
                "requestBody": {
                    "content": {
                        "application/json": {
                            "schema": {
                                "$ref": "#/components/schemas/PostPlacesAutocompleteRequest"
                            },
                            "examples": {
                                "vb": {
                                    "externalValue": "./examples/postPlacesAutocomplete/request_application_json_vb.json"
                                }
                            }
                        }
                    }
                },
                "responses": {
                    "default": {
                        "description": "Default response",
                        "content": {
                            "application/json": {
                                "schema": {
                                    "$ref": "#/components/schemas/PostPlacesAutocompleteResponse"
                                },
                                "examples": {
                                    "vb": {
                                        "externalValue": "./examples/postPlacesAutocomplete/response_default_application_json_vb.json"
                                    }
                                }
                            }
                        }
                    }
                },
                "x-vb": {
                    "actionHint": "getMany"
                }
            }
        }
    },
    "components": {
        "schemas": {
            "PostPlacesSearchTextResponse": {
                "type": "object",
                "properties": {
                    "places": {
                        "type": "array",
                        "items": {
                            "type": "object",
                            "properties": {
                                "id": {
                                    "type": "string"
                                },
                                "nationalPhoneNumber": {
                                    "type": "string"
                                },
                                "formattedAddress": {
                                    "type": "string"
                                },
                                "addressComponents": {
                                    "type": "array",
                                    "items": {
                                        "type": "object",
                                        "properties": {
                                            "longText": {
                                                "type": "string"
                                            },
                                            "shortText": {
                                                "type": "string"
                                            },
                                            "types": {
                                                "type": "array",
                                                "items": {
                                                    "type": "string"
                                                }
                                            },
                                            "languageCode": {
                                                "type": "string"
                                            }
                                        }
                                    }
                                },
                                "location": {
                                    "type": "object",
                                    "properties": {
                                        "latitude": {
                                            "type": "number"
                                        },
                                        "longitude": {
                                            "type": "number"
                                        }
                                    }
                                },
                                "displayName": {
                                    "type": "object",
                                    "properties": {
                                        "text": {
                                            "type": "string"
                                        }
                                    }
                                },
                                "websiteUri": {
                                    "type": "string"
                                }
                            }
                        }
                    },
                    "nextPageToken": {
                        "type": "string"
                    }
                }
            },
            "PostPlacesSearchTextRequest": {
                "type": "object",
                "properties": {
                    "textQuery": {
                        "type": "string"
                    },
                    "pageToken": {
                        "type": "string"
                    }
                }
            },
            "PostPlacesAutocompleteRequest": {
                "type": "object",
                "properties": {
                    "input": {
                        "type": "string"
                    },
                    "sessionToken": {
                        "type": "string"
                    },
                    "locationBias": {
                        "type": "object",
                        "properties": {
                            "circle": {
                                "type": "object",
                                "properties": {
                                    "center": {
                                        "type": "object",
                                        "properties": {
                                            "latitude": {
                                                "type": "number"
                                            },
                                            "longitude": {
                                                "type": "number"
                                            }
                                        }
                                    },
                                    "radius": {
                                        "type": "integer"
                                    }
                                }
                            }
                        }
                    }
                }
            },
            "PostPlacesAutocompleteResponse": {
                "type": "object",
                "properties": {
                    "suggestions": {
                        "type": "array",
                        "items": {
                            "type": "object",
                            "properties": {
                                "placePrediction": {
                                    "type": "object",
                                    "properties": {
                                        "place": {
                                            "type": "string"
                                        },
                                        "placeId": {
                                            "type": "string"
                                        },
                                        "text": {
                                            "type": "object",
                                            "properties": {
                                                "text": {
                                                    "type": "string"
                                                },
                                                "matches": {
                                                    "type": "array",
                                                    "items": {
                                                        "type": "object",
                                                        "properties": {
                                                            "endOffset": {
                                                                "type": "integer"
                                                            },
                                                            "startOffset": {
                                                                "type": "integer"
                                                            }
                                                        }
                                                    }
                                                }
                                            }
                                        },
                                        "structuredFormat": {
                                            "type": "object",
                                            "properties": {
                                                "mainText": {
                                                    "type": "object",
                                                    "properties": {
                                                        "text": {
                                                            "type": "string"
                                                        },
                                                        "matches": {
                                                            "type": "array",
                                                            "items": {
                                                                "type": "object",
                                                                "properties": {
                                                                    "endOffset": {
                                                                        "type": "integer"
                                                                    },
                                                                    "startOffset": {
                                                                        "type": "integer"
                                                                    }
                                                                }
                                                            }
                                                        }
                                                    }
                                                },
                                                "secondaryText": {
                                                    "type": "object",
                                                    "properties": {
                                                        "text": {
                                                            "type": "string"
                                                        }
                                                    }
                                                }
                                            }
                                        },
                                        "types": {
                                            "type": "array",
                                            "items": {
                                                "type": "string"
                                            }
                                        }
                                    }
                                }
                            }
                        }
                    }
                }
            }
        }
    }
}